"Date","Open","High","Low","Close","Volume"
"10/07/2024","249","249.83","240.7","240.83","67,394,848"
"10/04/2024","246.69","250.96","244.58","250.08","86,726,290"
"10/03/2024","244.48","249.79","237.81","240.66","80,729,240"
"10/02/2024","247.55","251.1585","241.5","249.02","93,983,930"
"10/01/2024","262.67","263.98","248.53","258.02","87,397,610"
"09/30/2024","259.04","264.86","255.77","261.63","80,873,380"
"09/27/2024","257.375","260.6999","254.12","260.46","70,988,070"
"09/26/2024","260.6","261.75","251.53","254.22","67,142,190"
"09/25/2024","252.54","257.05","252.28","257.02","65,034,320"
"09/24/2024","254.08","257.19","249.0501","254.27","88,491,000"
"09/23/2024","242.61","250","241.92","250","86,927,190"
"09/20/2024","241.52","243.99","235.92","238.25","99,879,070"
"09/19/2024","234","244.24","232.13","243.92","102,694,600"
"09/18/2024","230.09","235.68","226.88","227.2","78,010,200"
"09/17/2024","229.45","234.57","226.5533","227.87","66,761,640"
"09/16/2024","229.3","229.96","223.53","226.78","54,323,000"
"09/13/2024","228","232.67","226.32","230.29","59,515,110"
"09/12/2024","224.66","231.45","223.83","229.81","72,020,040"
"09/11/2024","224.55","228.47","216.8003","228.13","83,548,630"
"09/10/2024","220.07","226.4","218.6377","226.17","78,891,140"
"09/09/2024","216.2","219.87","213.67","216.27","67,443,520"
"09/06/2024","232.6","233.6","210.51","210.73","112,177,000"
"09/05/2024","223.49","235","222.25","230.17","119,355,000"
"09/04/2024","210.59","222.22","210.57","219.41","80,651,770"
"09/03/2024","215.26","219.9043","209.64","210.6","76,714,220"
"08/30/2024","208.63","214.5701","207.03","214.11","63,370,610"
"08/29/2024","209.8","214.89","205.97","206.28","62,308,820"
"08/28/2024","209.72","211.84","202.59","205.75","64,116,350"
"08/27/2024","213.25","215.66","206.94","209.21","62,821,390"
"08/26/2024","218.75","219.09","211.01","213.21","59,301,190"
"08/23/2024","214.455","221.48","214.21","220.32","81,525,210"
"08/22/2024","223.82","224.8","210.32","210.66","79,514,480"
"08/21/2024","222.67","224.6594","218.86","223.27","70,145,960"
"08/20/2024","224.88","228.22","219.56","221.1","74,001,180"
"08/19/2024","217.07","222.98","214.09","222.72","76,435,220"
"08/16/2024","211.15","219.8","210.8","216.12","88,765,120"
"08/15/2024","205.02","215.88","204.82","214.14","89,848,530"
"08/14/2024","207.39","208.44","198.75","201.38","70,250,010"
"08/13/2024","198.47","208.49","197.06","207.83","76,247,390"
"08/12/2024","199.02","199.26","194.67","197.49","64,044,900"
"08/09/2024","197.05","200.88","195.11","200","58,648,270"
"08/08/2024","195.7","200.7","192.04","198.84","65,033,870"
"08/07/2024","200.77","203.49","191.48","191.76","71,159,780"
"08/06/2024","200.75","202.9","192.67","200.64","73,783,940"
"08/05/2024","185.22","203.8799","182","198.88","100,308,800"
"08/02/2024","214.88","216.13","205.78","207.67","82,880,120"
"08/01/2024","227.69","231.867","214.3328","216.86","83,861,900"
"07/31/2024","227.9","234.68","226.7875","232.07","67,497,010"
"07/30/2024","232.25","232.41","220","222.62","100,560,300"
"07/29/2024","224.9","234.27","224.7","232.1","129,201,800"
"07/26/2024","221.19","222.2799","215.33","219.8","94,604,150"
"07/25/2024","216.8","226","216.231","220.25","100,636,500"
"07/24/2024","225.42","225.99","214.71","215.99","167,942,900"
"07/23/2024","253.6","255.7594","245.63","246.38","111,928,200"
"07/22/2024","244.21","253.21","243.75","251.51","101,225,400"
"07/19/2024","247.79","249.44","236.83","239.2","87,403,900"
"07/18/2024","251.09","257.14","247.2","249.23","110,869,000"
"07/17/2024","252.73","258.47","246.182","248.5","115,584,800"
"07/16/2024","255.31","258.62","245.8001","256.56","126,332,500"
"07/15/2024","255.97","265.6","251.73","252.64","146,912,900"
"07/12/2024","235.8","251.84","233.0912","248.23","155,955,800"
"07/11/2024","263.3","271","239.65","241.03","221,707,300"
"07/10/2024","262.8","267.59","257.86","263.26","128,519,400"
"07/09/2024","251","265.61","250.3","262.33","160,742,500"
"07/08/2024","247.71","259.439","244.57","252.94","157,219,600"
"07/05/2024","249.81","252.37","242.4601","251.52","154,501,200"
"07/03/2024","234.56","248.35","234.25","246.39","166,561,500"
"07/02/2024","218.89","231.3","218.06","231.26","205,047,900"
"07/01/2024","201.02","213.23","200.85","209.86","135,691,400"
"06/28/2024","199.55","203.2","195.26","197.88","95,438,070"
"06/27/2024","195.17","198.72","194.05","197.42","72,746,520"
"06/26/2024","186.54","197.755","186.36","196.37","95,737,070"
"06/25/2024","184.4","187.97","182.01","187.35","63,678,270"
"06/24/2024","184.97","188.8","182.55","182.58","61,992,070"
"06/21/2024","182.3","183.95","180.69","183.01","63,029,480"
"06/20/2024","184.68","185.21","179.66","181.57","55,893,140"
"06/18/2024","186.56","187.2","182.37","184.86","68,982,270"
"06/17/2024","177.92","188.81","177","187.44","109,786,100"
"06/14/2024","185.8","186","176.92","178.01","82,038,190"
"06/13/2024","188.39","191.08","181.23","182.47","118,984,100"
"06/12/2024","171.12","180.55","169.8","177.29","90,389,450"
"06/11/2024","173.92","174.75","167.41","170.66","64,761,930"
"06/10/2024","176.06","178.57","173.17","173.79","50,869,680"
"06/07/2024","176.13","179.35","175.58","177.48","56,244,930"
"06/06/2024","174.6","179.73","172.73","177.94","69,887,020"
"06/05/2024","175.35","176.15","172.13","175","57,953,760"
"06/04/2024","174.775","177.755","174","174.77","60,056,340"
"06/03/2024","178.13","182.6389","174.49","176.29","68,568,920"
"05/31/2024","178.5","180.32","173.82","178.08","67,314,600"
"05/30/2024","178.575","182.67","175.38","178.79","77,784,760"
"05/29/2024","174.19","178.15","173.93","176.19","54,782,650"
"05/28/2024","176.4","178.25","173.16","176.75","59,736,620"
"05/24/2024","174.835","180.08","173.73","179.24","65,584,480"
"05/23/2024","181.8","181.9","173.26","173.74","71,975,500"
"05/22/2024","182.85","183.8","178.12","180.11","88,313,480"
"05/21/2024","175.51","186.875","174.71","186.6","115,266,500"
"05/20/2024","177.56","177.754","173.52","174.95","61,727,430"
"05/17/2024","173.55","179.63","172.75","177.46","77,445,850"
"05/16/2024","174.1","175.79","171.43","174.84","59,812,220"
"05/15/2024","179.9","180","173.11","173.99","79,662,990"
"05/14/2024","174.496","179.49","174.07","177.55","86,407,420"
"05/13/2024","170","175.4","169","171.89","67,018,900"
"05/10/2024","173.05","173.0599","167.75","168.47","72,627,180"
"05/09/2024","175.01","175.62","171.37","171.97","65,950,290"
"05/08/2024","171.59","176.06","170.15","174.72","79,969,490"
"05/07/2024","182.4","183.26","177.4","177.81","75,045,850"
"05/06/2024","183.8","187.56","182.2","184.76","84,390,250"
"05/03/2024","182.1","184.78","178.42","181.19","75,491,540"
"05/02/2024","182.86","184.6","176.02","180.01","89,148,040"
"05/01/2024","182","185.86","179.01","179.99","92,829,720"
"04/30/2024","186.98","190.95","182.8401","183.28","127,031,800"
"04/29/2024","188.42","198.87","184.54","194.05","243,869,700"
"04/26/2024","168.85","172.12","166.37","168.29","109,815,700"
"04/25/2024","158.96","170.88","158.36","170.18","126,427,500"
"04/24/2024","162.84","167.97","157.51","162.13","181,178,000"
"04/23/2024","143.33","147.26","141.11","144.68","124,545,100"
"04/22/2024","140.56","144.44","138.8025","142.05","107,097,600"
"04/19/2024","148.97","150.94","146.22","147.05","87,074,500"
"04/18/2024","151.25","152.2","148.7","149.93","96,098,830"
"04/17/2024","157.64","158.33","153.78","155.45","82,439,720"
"04/16/2024","156.742","158.19","153.75","157.11","96,999,960"
"04/15/2024","170.24","170.69","161.38","161.48","100,245,300"
"04/12/2024","172.34","173.8099","170.3644","171.05","64,722,670"
"04/11/2024","172.55","175.88","168.51","174.6","94,515,990"
"04/10/2024","173.04","174.93","170.01","171.76","84,532,410"
"04/09/2024","172.91","179.22","171.92","176.88","103,232,700"
"04/08/2024","169.34","174.5","167.79","172.98","104,423,300"
"04/05/2024","169.08","170.86","160.51","164.9","143,157,600"
"04/04/2024","170.07","177.19","168.01","171.11","123,162,000"
"04/03/2024","164.02","168.82","163.28","168.38","82,950,140"
"04/02/2024","164.75","167.69","163.43","166.63","116,650,600"
"04/01/2024","176.17","176.75","170.21","175.22","81,562,130"
"03/28/2024","177.45","179.57","175.3","175.79","77,654,840"
"03/27/2024","181.41","181.91","176","179.83","81,804,040"
"03/26/2024","178.58","184.25","177.38","177.67","113,186,200"
"03/25/2024","168.76","175.24","168.73","172.63","74,228,620"
"03/22/2024","166.69","171.2","166.3","170.83","75,580,640"
"03/21/2024","176.39","178.18","171.8","172.82","73,178,010"
"03/20/2024","173","176.25","170.82","175.66","83,846,730"
"03/19/2024","172.36","172.82","167.42","171.32","77,271,430"
"03/18/2024","170.02","174.72","165.9","173.8","108,214,400"
"03/15/2024","163.16","165.1845","160.76","163.57","97,146,830"
"03/14/2024","167.77","171.17","160.51","162.5","126,325,700"
"03/13/2024","173.05","176.05","169.15","169.48","106,524,500"
"03/12/2024","177.77","179.43","172.4101","177.54","87,391,680"
"03/11/2024","175.445","182.87","174.8","177.77","85,391,530"
"03/08/2024","181.5","182.73","174.7","175.34","85,544,640"
"03/07/2024","174.35","180.04","173.7","178.65","102,129,000"
"03/06/2024","179.99","181.576","173.7","176.54","107,920,900"
"03/05/2024","183.05","184.59","177.57","180.74","119,660,800"
"03/04/2024","198.73","199.75","186.72","188.14","134,334,900"
"03/01/2024","200.52","204.52","198.5","202.64","82,243,120"
"02/29/2024","204.18","205.28","198.4463","201.88","85,906,970"
"02/28/2024","200.42","205.3","198.44","202.04","99,806,170"
"02/27/2024","204.04","205.6","198.26","199.73","108,645,400"
"02/26/2024","192.29","201.78","192","199.4","111,747,100"
"02/23/2024","195.31","197.57","191.5","191.97","78,841,920"
"02/22/2024","194","198.32","191.36","197.41","92,739,460"
"02/21/2024","193.36","199.44","191.95","194.77","103,844,000"
"02/20/2024","196.13","198.6","189.13","193.76","104,545,800"
"02/16/2024","202.06","203.17","197.4","199.95","111,346,700"
"02/15/2024","189.16","200.88","188.8595","200.45","120,831,800"
"02/14/2024","185.3","188.89","183.35","188.71","81,202,990"
"02/13/2024","183.99","187.26","182.1087","184.02","86,759,480"
"02/12/2024","192.11","194.73","187.28","188.13","95,498,600"
"02/09/2024","190.18","194.12","189.48","193.57","84,476,350"
"02/08/2024","189","191.6171","185.58","189.56","83,034,040"
"02/07/2024","188.18","189.79","182.68","187.58","111,535,200"
"02/06/2024","177.21","186.49","177.11","185.1","122,676,000"
"02/05/2024","184.26","184.68","175.01","181.06","134,294,400"
"02/02/2024","185.04","188.69","182","187.91","110,612,700"
"02/01/2024","188.5","189.88","184.28","188.86","91,843,280"
"01/31/2024","186.995","193.97","185.8459","187.29","103,221,400"
"01/30/2024","195.33","196.3593","190.61","191.59","109,982,300"
"01/29/2024","185.63","191.48","183.67","190.93","125,013,100"
"01/26/2024","185.5","186.78","182.1","183.25","107,343,200"
"01/25/2024","189.7","193","180.06","182.63","198,076,800"
"01/24/2024","211.88","212.73","206.77","207.83","123,369,900"
"01/23/2024","211.3","215.65","207.7516","209.14","106,605,900"
"01/22/2024","212.26","217.8","206.27","208.8","117,952,500"
"01/19/2024","209.99","213.19","207.56","212.19","102,260,300"
"01/18/2024","216.88","217.45","208.74","211.88","108,595,400"
"01/17/2024","214.86","215.67","212.01","215.55","103,164,400"
"01/16/2024","215.1","223.49","212.18","219.91","115,355,000"
"01/12/2024","220.08","225.34","217.1501","218.89","123,043,800"
"01/11/2024","230.57","230.93","225.37","227.22","105,873,600"
"01/10/2024","235.1","235.5","231.29","233.94","91,628,500"
"01/09/2024","238.11","238.9646","232.04","234.96","96,705,660"
"01/08/2024","236.14","241.25","235.3","240.45","85,166,580"
"01/05/2024","236.86","240.1196","234.9001","237.49","92,488,940"
"01/04/2024","239.25","242.7","237.73","237.93","102,629,300"
"01/03/2024","244.98","245.68","236.32","238.45","121,082,600"
"01/02/2024","250.08","251.25","244.41","248.42","104,654,200"
"12/29/2023","255.1","255.19","247.43","248.48","100,891,600"
"12/28/2023","263.66","265.13","252.71","253.18","113,619,900"
"12/27/2023","258.35","263.34","257.52","261.44","106,494,400"
"12/26/2023","254.49","257.97","252.91","256.61","86,892,380"
"12/22/2023","256.76","258.22","251.37","252.54","93,370,090"
"12/21/2023","251.9","254.7999","248.55","254.5","109,594,200"
"12/20/2023","256.41","259.84","247","247.14","125,097,000"
"12/19/2023","253.48","258.3399","253.01","257.22","106,737,400"
"12/18/2023","253.78","258.74","251.36","252.08","116,416,500"
"12/15/2023","251.21","254.13","248.3","253.5","135,932,800"
"12/14/2023","241.22","253.88","240.79","251.05","160,829,200"
"12/13/2023","234.19","240.3","228.2","239.29","146,286,300"
"12/12/2023","238.55","238.99","233.87","237.01","95,328,310"
"12/11/2023","242.74","243.441","237.45","239.74","97,913,890"
"12/08/2023","240.27","245.27","239.2701","243.84","103,126,800"
"12/07/2023","241.55","244.08","236.98","242.64","107,142,300"
"12/06/2023","242.92","246.57","239.1709","239.37","126,436,200"
"12/05/2023","233.87","246.66","233.7","238.72","137,971,100"
"12/04/2023","235.75","239.3733","233.2902","235.58","104,099,800"
"12/01/2023","233.14","240.19","231.9","238.83","121,331,700"
"11/30/2023","245.14","245.22","236.91","240.08","132,353,200"
"11/29/2023","249.21","252.75","242.76","244.14","135,401,300"
"11/28/2023","236.68","247","234.01","246.72","148,549,900"
"11/27/2023","236.89","238.33","232.1","236.08","112,031,800"
"11/24/2023","233.75","238.75","232.33","235.45","65,125,200"
"11/22/2023","242.04","244.01","231.4","234.21","118,117,100"
"11/21/2023","235.04","243.62","233.34","241.2","122,288,000"
"11/20/2023","234.04","237.1","231.02","235.6","116,562,400"
"11/17/2023","232","237.39","226.54","234.3","142,766,200"
"11/16/2023","239.49","240.88","230.96","233.59","136,816,800"
"11/15/2023","239.29","246.7","236.45","242.84","150,354,000"
"11/14/2023","235.03","238.135","230.72","237.41","149,771,600"
"11/13/2023","215.6","225.4","211.6101","223.71","140,447,600"
"11/10/2023","210.03","215.38","205.69","214.65","131,310,100"
"11/09/2023","219.75","220.8","206.68","209.98","142,110,500"
"11/08/2023","223.15","224.15","217.64","222.11","106,584,800"
"11/07/2023","219.98","223.12","215.72","222.18","116,900,100"
"11/06/2023","223.98","226.32","215","219.27","117,335,800"
"11/03/2023","221.15","226.3701","218.4","219.96","119,534,800"
"11/02/2023","212.97","219.2","211.45","218.51","125,987,600"
"11/01/2023","204.04","205.99","197.85","205.66","121,661,700"
"10/31/2023","196.12","202.8","194.07","200.84","118,068,300"
"10/30/2023","209.28","210.88","194.67","197.36","136,448,200"
"10/27/2023","210.6","212.41","205.77","207.3","94,881,170"
"10/26/2023","211.32","214.8","204.88","205.76","115,112,600"
"10/25/2023","215.88","220.1","212.2","212.42","107,065,100"
"10/24/2023","216.5","222.05","214.11","216.52","118,231,100"
"10/23/2023","210","216.98","202.51","212.08","150,683,400"
"10/20/2023","217.01","218.8606","210.42","211.99","138,010,100"
"10/19/2023","225.95","230.61","216.78","220.11","170,772,700"
"10/18/2023","252.7","254.63","242.08","242.68","125,147,800"
"10/17/2023","250.1","257.183","247.08","254.85","93,562,910"
"10/16/2023","250.05","255.3999","248.48","253.92","88,917,180"
"10/13/2023","258.9","259.6","250.22","251.12","102,296,800"
"10/12/2023","262.92","265.41","256.6307","258.87","111,508,100"
"10/11/2023","266.2","268.6","260.9","262.99","103,706,300"
"10/10/2023","257.75","268.94","257.65","263.62","122,656,000"
"10/09/2023","255.31","261.36","252.05","259.67","101,377,900"
"10/06/2023","253.98","261.65","250.65","260.53","118,121,800"
"10/05/2023","260","263.6","256.25","260.05","119,159,200"
"10/04/2023","248.14","261.86","247.6","261.16","129,721,600"
"10/03/2023","248.61","250.02","244.45","246.53","101,985,300"
"10/02/2023","244.81","254.2799","242.62","251.6","123,810,400"
"09/29/2023","250","254.77","246.35","250.22","128,522,700"
"09/28/2023","240.02","247.55","238.65","246.38","117,058,900"
"09/27/2023","244.262","245.33","234.58","240.5","136,597,200"
"09/26/2023","242.98","249.55","241.6601","244.12","101,993,600"
"09/25/2023","243.38","247.1","238.31","246.99","104,636,600"
"09/22/2023","257.4","257.7888","244.48","244.88","127,524,100"
"09/21/2023","257.85","260.86","254.21","255.7","119,951,500"
"09/20/2023","267.04","273.93","262.4606","262.59","122,514,600"
"09/19/2023","264.35","267.85","261.2","266.5","103,704,000"
"09/18/2023","271.16","271.44","263.7601","265.28","101,543,300"
"09/15/2023","277.55","278.98","271","274.39","133,692,300"
"09/14/2023","271.32","276.7094","270.42","276.04","107,709,800"
"09/13/2023","270.07","274.98","268.1","271.3","111,673,700"
"09/12/2023","270.76","278.39","266.6","267.48","135,999,900"
"09/11/2023","264.27","274.85","260.61","273.58","174,667,900"
"09/08/2023","251.22","256.52","246.67","248.5","118,559,600"
"09/07/2023","245.07","252.81","243.265","251.49","115,312,900"
"09/06/2023","255.135","255.39","245.06","251.92","116,959,800"
"09/05/2023","245","258","244.86","256.49","129,469,600"
"09/01/2023","257.26","259.0794","242.01","245.01","132,541,600"
"08/31/2023","255.98","261.18","255.05","258.08","108,861,700"
"08/30/2023","254.2","260.51","250.59","256.9","121,988,400"
"08/29/2023","238.58","257.48","237.77","257.18","134,047,600"
"08/28/2023","242.58","244.38","235.35","238.82","107,673,700"
"08/25/2023","231.31","239","230.35","238.59","106,612,200"
"08/24/2023","238.66","238.92","228.1801","230.04","99,777,430"
"08/23/2023","229.34","238.98","229.29","236.86","101,077,600"
"08/22/2023","240.25","240.82","229.55","233.19","130,597,900"
"08/21/2023","221.5512","232.1343","220.58","231.28","135,702,700"
"08/18/2023","214.12","217.58","212.36","215.49","136,276,600"
"08/17/2023","226.06","226.74","218.83","219.22","120,718,400"
"08/16/2023","228.02","233.97","225.38","225.6","112,484,500"
"08/15/2023","238.73","240.5","232.61","232.96","88,197,600"
"08/14/2023","235.7","240.66","233.75","239.76","98,595,330"
"08/11/2023","241.77","243.79","238.02","242.65","99,038,640"
"08/10/2023","245.4","251.8","243","245.34","109,498,600"
"08/09/2023","250.87","251.1","241.9","242.19","101,596,300"
"08/08/2023","247.45","250.92","245.01","249.7","96,642,180"
"08/07/2023","251.45","253.6511","242.76","251.45","111,097,900"
"08/04/2023","260.97","264.77","253.11","253.86","99,539,910"
"08/03/2023","252.04","260.49","252","259.32","97,829,550"
"08/02/2023","255.57","259.52","250.49","254.11","101,752,900"
"08/01/2023","266.26","266.47","260.25","261.07","83,645,720"
"07/31/2023","267.48","269.08","263.78","267.43","84,582,170"
"07/28/2023","259.86","267.25","258.2312","266.44","111,446,000"
"07/27/2023","268.31","269.13","255.3","255.71","103,697,300"
"07/26/2023","263.25","268.04","261.75","264.35","95,856,180"
"07/25/2023","272.38","272.9","265","265.28","112,757,300"
"07/24/2023","255.85","269.85","254.12","269.06","137,005,000"
"07/21/2023","268","268","255.8","260.02","161,796,100"
"07/20/2023","279.56","280.93","261.2","262.9","175,158,300"
"07/19/2023","296.04","299.29","289.5201","291.26","142,355,400"
"07/18/2023","290.15","295.26","286.01","293.34","112,434,700"
"07/17/2023","286.625","292.23","283.57","290.38","131,569,600"
"07/14/2023","277.01","285.3","276.31","281.38","120,062,400"
"07/13/2023","274.59","279.45","270.6","277.9","112,681,500"
"07/12/2023","276.325","276.52","271.46","271.99","95,672,140"
"07/11/2023","268.65","270.9","266.37","269.79","91,972,360"
"07/10/2023","276.47","277.52","265.1","269.61","119,425,400"
"07/07/2023","278.43","280.78","273.77","274.43","113,879,200"
"07/06/2023","278.09","279.97","272.88","276.54","120,707,400"
"07/05/2023","278.82","283.85","277.6","282.48","131,530,900"
"07/03/2023","276.49","284.25","275.11","279.82","118,999,000"
"06/30/2023","260.6","264.45","259.89","261.77","112,620,800"
"06/29/2023","258.03","260.74","253.61","257.5","131,283,400"
"06/28/2023","249.7","259.88","248.89","256.24","159,770,800"
"06/27/2023","243.24","250.3899","240.85","250.21","164,968,200"
"06/26/2023","250.065","258.37","240.7","241.05","179,990,600"
"06/23/2023","259.29","262.45","252.8","256.6","177,460,800"
"06/22/2023","250.77","265","248.25","264.61","166,875,900"
"06/21/2023","275.13","276.99","257.78","259.46","211,797,100"
"06/20/2023","261.5","274.75","261.12","274.45","165,611,200"
"06/16/2023","258.92","263.6","257.2091","260.54","167,915,600"
"06/15/2023","248.4","258.95","247.29","255.9","160,171,200"
"06/14/2023","260.17","261.57","250.5","256.79","170,575,500"
"06/13/2023","253.51","259.68","251.34","258.71","162,384,300"
"06/12/2023","247.94","250.97","244.59","249.83","150,740,500"
"06/09/2023","249.07","252.42","242.02","244.4","200,242,400"
"06/08/2023","224.22","235.23","223.01","234.86","164,489,700"
"06/07/2023","228","230.8296","223.2","224.57","185,710,800"
"06/06/2023","216.14","221.91","212.53","221.31","146,911,600"
"06/05/2023","217.8","221.29","214.52","217.61","151,143,100"
"06/02/2023","210.15","217.25","209.752","213.97","164,398,400"
"06/01/2023","202.59","209.8","199.37","207.52","148,029,900"
"05/31/2023","199.78","203.95","195.12","203.93","150,711,700"
"05/30/2023","200.1","204.48","197.53","201.16","128,818,700"
"05/26/2023","184.62","198.6","184.53","193.17","162,061,500"
"05/25/2023","186.54","186.78","180.58","184.47","96,870,720"
"05/24/2023","182.23","184.22","178.22","182.9","137,605,100"
"05/23/2023","186.2","192.96","185.26","185.77","156,952,100"
"05/22/2023","180.7","189.32","180.11","188.87","132,001,400"
"05/19/2023","177.17","181.95","176.31","180.14","136,196,700"
"05/18/2023","174.22","177.06","172.45","176.89","109,520,300"
"05/17/2023","168.41","174.5","167.185","173.86","125,473,600"
"05/16/2023","165.65","169.5184","164.35","166.52","98,288,790"
"05/15/2023","167.655","169.76","164.5499","166.35","105,592,500"
"05/12/2023","176.07","177.38","167.23","167.98","157,849,600"
"05/11/2023","168.7","173.57","166.79","172.08","103,889,900"
"05/10/2023","172.55","174.43","166.68","168.54","119,840,700"
"05/09/2023","168.95","169.82","166.56","169.15","88,965,040"
"05/08/2023","173.72","173.8","169.19","171.79","112,249,400"
"05/05/2023","163.97","170.7899","163.51","170.06","107,607,300"
"05/04/2023","162.71","162.95","159.65","161.2","95,108,490"
"05/03/2023","160.01","165","159.91","160.61","119,728,000"
"05/02/2023","161.88","165.49","158.93","160.31","128,259,700"
"05/01/2023","163.17","163.28","158.83","161.83","109,015,000"
"04/28/2023","160.9","165","157.32","164.31","122,515,800"
"04/27/2023","152.64","160.48","152.37","160.19","127,015,200"
"04/26/2023","160.29","160.67","153.14","153.75","153,364,100"
"04/25/2023","159.82","163.47","158.75","160.67","121,999,300"
"04/24/2023","164.65","165.65","158.61","162.55","140,006,600"
"04/21/2023","164.8","166","161.3208","165.08","123,539,000"
"04/20/2023","166.165","169.7","160.56","162.99","210,970,800"
"04/19/2023","179.1","183.5","177.65","180.59","125,732,700"
"04/18/2023","187.15","187.69","183.5775","184.31","92,067,020"
"04/17/2023","186.32","189.69","182.69","187.04","116,662,200"
"04/14/2023","183.95","186.28","182.01","185","96,438,660"
"04/13/2023","182.955","186.5","180.94","185.9","112,933,000"
"04/12/2023","190.74","191.5846","180.31","180.54","150,256,300"
"04/11/2023","186.69","189.19","185.6475","186.79","115,770,900"
"04/10/2023","179.94","185.1","176.11","184.51","142,154,600"
"04/06/2023","183.08","186.39","179.74","185.06","123,857,900"
"04/05/2023","190.515","190.68","183.76","185.52","133,882,500"
"04/04/2023","197.32","198.7446","190.32","192.58","126,463,800"
"04/03/2023","199.91","202.6897","192.2","194.77","169,545,900"
"03/31/2023","197.53","207.79","197.2","207.46","170,222,100"
"03/30/2023","195.58","197.33","194.42","195.28","110,252,200"
"03/29/2023","193.13","195.29","189.44","193.88","123,660,000"
"03/28/2023","192","192.35","185.43","189.19","98,654,640"
"03/27/2023","194.415","197.39","189.94","191.81","120,851,600"
"03/24/2023","191.65","192.36","187.15","190.41","116,531,600"
"03/23/2023","195.26","199.31","188.65","192.22","144,193,900"
"03/22/2023","199.3","200.66","190.95","191.15","150,376,400"
"03/21/2023","188.28","198","188.04","197.58","153,391,400"
"03/20/2023","178.08","186.44","176.35","183.25","129,684,400"
"03/17/2023","184.515","186.2199","177.33","180.13","133,197,100"
"03/16/2023","180.365","185.81","178.84","184.13","121,374,500"
"03/15/2023","180.8","182.34","176.03","180.45","145,995,600"
"03/14/2023","177.31","183.8","177.1401","183.26","143,717,900"
"03/13/2023","167.455","177.35","163.91","174.48","167,790,300"
"03/10/2023","175.13","178.29","168.44","173.44","191,488,900"
"03/09/2023","180.25","185.18","172.5124","172.92","170,023,800"
"03/08/2023","185.04","186.5","180","182","151,897,800"
"03/07/2023","191.38","194.2","186.1","187.71","148,125,800"
"03/06/2023","198.54","198.6","192.3","193.81","128,100,100"
"03/03/2023","194.795","200.48","192.88","197.79","154,193,300"
"03/02/2023","186.74","193.7499","186.01","190.9","181,979,200"
"03/01/2023","206.21","207.2","198.52","202.77","156,852,800"
"02/28/2023","210.59","211.23","203.75","205.71","153,144,900"
"02/27/2023","202.03","209.42","201.26","207.63","161,028,300"
"02/24/2023","196.325","197.6695","192.8","196.88","142,228,100"
"02/23/2023","203.91","205.14","196.33","202.07","146,360,000"
"02/22/2023","197.93","201.99","191.78","200.86","191,828,500"
"02/21/2023","204.99","209.71","197.22","197.37","180,018,600"
"02/17/2023","199.985","208.44","197.5","208.31","213,738,500"
"02/16/2023","210.78","217.65","201.84","202.04","229,586,500"
"02/15/2023","211.755","214.66","206.11","214.24","182,108,600"
"02/14/2023","191.94","209.82","189.44","209.25","216,455,700"
"02/13/2023","194.415","196.3","187.61","194.64","172,475,500"
"02/10/2023","202.225","206.2","192.89","196.89","204,754,100"
"02/09/2023","207.775","214","204.77","207.32","215,431,400"
"02/08/2023","196.1","203","194.31","201.29","180,673,600"
"02/07/2023","196.43","197.5","189.55","196.81","186,010,300"
"02/06/2023","193.01","198.17","189.92","194.76","186,188,100"
"02/03/2023","183.95","199","183.69","189.98","232,662,000"
"02/02/2023","187.325","196.7501","182.61","188.27","217,448,300"
"02/01/2023","173.89","183.805","169.93","181.41","213,806,300"
"01/31/2023","164.57","174.3","162.78","173.22","196,813,500"
"01/30/2023","178.05","179.77","166.5","166.66","230,878,800"
"01/27/2023","162.43","180.68","161.17","177.9","306,590,600"
"01/26/2023","159.965","161.42","154.76","160.27","234,815,100"
"01/25/2023","141.905","146.41","138.07","144.43","192,734,300"
"01/24/2023","143","146.5","141.1","143.89","158,699,100"
"01/23/2023","135.87","145.3793","134.27","143.75","203,119,200"
"01/20/2023","128.68","133.51","127.3466","133.42","138,858,100"
"01/19/2023","127.26","129.99","124.3082","127.17","170,291,900"
"01/18/2023","136.555","136.68","127.01","128.78","195,680,300"
"01/17/2023","125.695","131.7","125.02","131.49","186,477,000"
"01/13/2023","116.55","122.63","115.6","122.4","180,714,100"
"01/12/2023","122.56","124.1311","117","123.56","169,400,900"
"01/11/2023","122.09","125.95","120.51","123.22","183,810,800"
"01/10/2023","121.07","122.76","114.92","118.85","167,642,500"
"01/09/2023","118.96","123.52","117.11","119.77","190,284,000"
"01/06/2023","103","114.39","101.81","113.06","220,911,100"
"01/05/2023","110.51","111.75","107.1601","110.34","157,986,300"
"01/04/2023","109.11","114.59","107.52","113.64","180,389,000"
"01/03/2023","118.47","118.8","104.64","108.1","231,402,800"
"12/30/2022","119.95","124.48","119.75","123.18","157,777,300"
"12/29/2022","120.385","123.57","117.495","121.82","221,923,300"
"12/28/2022","110.35","116.27","108.24","112.71","221,070,500"
"12/27/2022","117.495","119.67","108.76","109.1","208,643,400"
"12/23/2022","126.37","128.6173","121.02","123.15","166,989,700"
"12/22/2022","136","136.63","122.26","125.35","210,090,300"
"12/21/2022","139.335","141.26","135.89","137.57","145,417,400"
"12/20/2022","146.05","148.47","137.66","137.8","159,563,300"
"12/19/2022","154","155.25","145.82","149.87","139,390,600"
"12/16/2022","159.635","160.99","150.04","150.23","139,032,200"
"12/15/2022","153.44","160.9299","153.28","157.67","122,334,500"
"12/14/2022","159.25","161.62","155.31","156.8","140,682,300"
"12/13/2022","174.87","175.05","156.91","160.95","175,862,700"
"12/12/2022","176.1","177.37","167.52","167.82","109,794,500"
"12/09/2022","173.84","182.5","173.36","179.05","104,872,300"
"12/08/2022","172.2","175.2","169.06","173.44","97,624,490"
"12/07/2022","175.03","179.38","172.218","174.04","84,213,280"
"12/06/2022","181.215","183.65","175.33","179.82","92,150,820"
"12/05/2022","189.44","191.27","180.55","182.45","93,122,670"
"12/02/2022","191.78","196.25","191.11","194.86","73,645,920"
"12/01/2022","197.08","198.92","191.8","194.7","80,046,210"
"11/30/2022","182.43","194.76","180.6301","194.7","109,186,400"
"11/29/2022","184.99","186.38","178.75","180.83","83,357,110"
"11/28/2022","179.96","188.5","179","182.92","93,038,150"
"11/25/2022","185.06","185.2","180.63","182.86","50,672,740"
"11/23/2022","173.57","183.62","172.5","183.2","109,536,700"
"11/22/2022","168.63","170.92","166.185","169.91","78,452,330"
"11/21/2022","175.85","176.77","167.54","167.87","92,882,710"
"11/18/2022","185.05","185.19","176.55","180.19","76,048,870"
"11/17/2022","183.96","186.16","180.9","183.17","64,335,970"
"11/16/2022","191.51","192.57","185.66","186.92","66,567,600"
"11/15/2022","195.88","200.8237","192.06","194.42","91,293,790"
"11/14/2022","192.77","195.73","186.34","190.95","92,226,650"
"11/11/2022","186","196.52","182.59","195.97","114,403,600"
"11/10/2022","189.9","191","180.03","190.72","132,703,000"
"11/09/2022","190.775","195.89","177.12","177.59","127,062,700"
"11/08/2022","194.02","195.2","186.75","191.3","128,803,400"
"11/07/2022","208.65","208.9","196.66","197.08","93,916,520"
"11/04/2022","222.6","223.8","203.08","207.47","98,622,210"
"11/03/2022","211.36","221.2","210.14","215.31","56,538,850"
"11/02/2022","226.04","227.8699","214.82","214.98","63,070,290"
"11/01/2022","234.05","237.3951","227.28","227.82","62,688,820"
"10/31/2022","226.19","229.85","221.94","227.54","61,554,340"
"10/28/2022","225.4","228.86","216.35","228.52","69,152,390"
"10/27/2022","229.77","233.81","222.85","225.09","61,638,820"
"10/26/2022","219.4","230.6","218.2","224.64","85,327,080"
"10/25/2022","210.1","224.3498","210","222.415","96,507,870"
"10/24/2022","205.82","213.5","198.5863","211.25","100,446,800"
"10/21/2022","206.415","214.66","203.8","214.44","75,713,750"
"10/20/2022","208.28","215.55","202","207.28","117,798,100"
"10/19/2022","219.8","222.93","217.78","222.04","66,571,480"
"10/18/2022","229.5","229.82","217.25","220.19","75,891,910"
"10/17/2022","210.04","221.86","209.45","219.35","79,428,810"
"10/14/2022","224.01","226.26","204.16","204.99","94,124,510"
"10/13/2022","208.3","222.99","206.22","221.72","91,483,050"
"10/12/2022","215.33","219.2999","211.51","217.24","66,860,700"
"10/11/2022","220.945","225.75","215","216.5","77,013,200"
"10/10/2022","223.93","226.99","218.3582","222.96","67,925,020"
"10/07/2022","233.935","234.5715","222.02","223.07","83,916,800"
"10/06/2022","239.44","244.58","235.35","238.13","69,298,440"
"10/05/2022","245.01","246.6697","233.27","240.81","86,982,670"
"10/04/2022","250.52","257.5","242.01","249.44","109,578,500"
"10/03/2022","254.5","255.16","241.01","242.4","98,363,540"
"09/30/2022","266.145","275.57","262.47","265.25","67,726,600"
"09/29/2022","282.76","283.65","265.78","268.21","77,620,640"
"09/28/2022","283.08","289","277.57","287.81","54,664,810"
"09/27/2022","283.84","288.67","277.51","282.94","61,925,190"
"09/26/2022","271.83","284.09","270.31","276.01","58,076,910"
"09/23/2022","283.09","284.5","272.82","275.33","63,748,360"
"09/22/2022","299.86","301.29","285.82","288.59","70,545,410"
"09/21/2022","308.29","313.8","300.63","300.8","62,555,660"
"09/20/2022","306.91","313.33","305.58","308.73","61,642,780"
"09/19/2022","300.09","309.84","297.8","309.07","60,231,160"
"09/16/2022","299.605","303.71","295.6005","303.35","87,087,790"
"09/15/2022","301.825","309.12","300.7247","303.75","64,795,520"
"09/14/2022","292.24","306","291.64","302.61","72,628,650"
"09/13/2022","292.9","297.3999","290.4","292.13","68,229,620"